name,antigen,block,round,arm,condition,total,merged,low_quality,too_many_N,too_short,too_long,reads_no_cdr3_edges,seqs_no_cdr3_edges,reads_with_short_cdr3,seqs_with_short_cdr3,reads_with_low_frequency,seqs_with_low_frequency,reads_ambiguous,seqs_ambiguous,unique_dna,unique_dna_pct,merged_pct,unique_cdr3,total_cdr3,shannon,evenness,unique_cdr3_min2,total_cdr3_min2,shannon_min2,evenness_min2,VH_UNK,VL_UNK,n_cross_target_clones,n_cross_target_reads,pct_cross_target_reads
GAS1_Human__Block164__Round3__M_P__100nM,GAS1_Human,Block164,Round3,M_P,100nM,271042,252054,18243,18,2,0,1504,1426,0,0,0,0,6,6,81604,30.11,92.99,6466,250544,4.998620282040275,0.5696879409025633,2276,246354,4.8553383726865915,0.6281020159689596,1173,819,247,108329,43.24
GAS1_Human__Block164__Round4__F_P__20nM,GAS1_Human,Block164,Round4,F_P,20nM,218845,206508,11638,20,0,0,1135,1036,0,0,0,0,6,6,47057,21.5,94.36,2977,205367,3.358579786516655,0.41989220895933127,1087,203477,3.26690806241486,0.4672901451589634,656,396,182,163423,79.58
GAS1_Human__Block164__Round5__F_P__4nM,GAS1_Human,Block164,Round5,F_P,4nM,191113,180818,9753,15,0,0,1045,972,0,0,0,0,4,3,34980,18.3,94.61,2026,179769,2.4967211984779643,0.3279197078148859,737,178480,2.4201733685826303,0.3665492089011981,471,282,165,162206,90.23
hCNTN1_37-994__Block163__Round3__M_P__100nM,hCNTN1_37-994,Block163,Round3,M_P,100nM,184206,169535,14171,12,2,0,1115,1068,0,0,0,0,2,2,104466,56.71,92.04,19483,168418,7.875636400649317,0.7973472850520933,8900,157835,7.53190132331657,0.8282451663301345,2448,1715,1159,33644,19.98
hCNTN1_37-994__Block163__Round4__F_P__20nM,hCNTN1_37-994,Block163,Round4,F_P,20nM,242874,225622,16411,15,0,0,1614,1485,0,0,0,0,2,2,78295,32.24,92.9,6585,224006,5.393209290529772,0.6133840043203843,2714,220135,5.253982217300918,0.6645412813655184,1275,597,387,121120,54.07
hCNTN1_37-994__Block163__Round5__F_P__4nM,hCNTN1_37-994,Block163,Round5,F_P,4nM,250805,230902,19057,22,0,0,1713,1568,0,0,0,0,5,5,64249,25.62,92.06,4845,229184,4.564019416869579,0.5378481514979455,1788,226127,4.445437095265925,0.5936072081456083,1110,447,403,150347,65.6
hCNTN2_33-1003__Block163__Round3__M_P__100nM,hCNTN2_33-1003,Block163,Round3,M_P,100nM,218661,204125,13988,13,2,0,1275,1184,0,0,0,0,3,3,96548,44.15,93.35,9663,202847,6.61743157089187,0.7211626750681438,4556,197740,6.447230596639542,0.7653225645451244,1436,874,366,79483,39.18
hCNTN2_33-1003__Block163__Round4__F_P__20nM,hCNTN2_33-1003,Block163,Round4,F_P,20nM,311336,290834,19436,20,0,0,1656,1531,0,0,0,0,8,8,88225,28.34,93.41,6171,289170,4.8536929781105345,0.5561304345815354,2514,285513,4.742070192189452,0.6056569667401814,1233,650,423,210547,72.81
hCNTN2_33-1003__Block163__Round5__F_P__4nM,hCNTN2_33-1003,Block163,Round5,F_P,4nM,318827,297529,20433,22,0,0,1712,1539,0,0,0,0,3,3,60027,18.83,93.32,3901,295814,3.065555696498972,0.37072923782556333,1332,293245,2.973327894947919,0.4132815335634187,985,531,354,268504,90.77
hCNTN2_600-909__Block163__Round3__M_P__100nM,hCNTN2_600-909,Block163,Round3,M_P,100nM,141302,131309,9565,9,1,0,863,808,0,0,0,0,0,0,67648,47.87,92.93,14017,130446,6.605593684609529,0.6918281931295307,6596,123025,6.2349737175791065,0.7089855212663875,1495,1352,228,33751,25.87
hCNTN2_600-909__Block163__Round4__F_P__20nM,hCNTN2_600-909,Block163,Round4,F_P,20nM,305788,286607,17356,29,0,0,1781,1638,1,1,0,0,4,4,49730,16.26,93.73,1742,284821,1.932132576887294,0.2589022061501221,740,283819,1.8910889047085466,0.2862402051586101,387,193,256,272788,95.78
hCNTN2_600-909__Block163__Round5__F_P__4nM,hCNTN2_600-909,Block163,Round5,F_P,4nM,30317,27617,2466,4,0,0,164,153,0,0,0,0,0,0,6608,21.8,91.09,358,27453,1.109530707361938,0.18867859595853553,119,27214,1.0207744079694703,0.2135902973507131,76,28,121,26987,98.3
hCNTN2_600-909__Block163__Round6__F_N__2uM_ovalbum,hCNTN2_600-909,Block163,Round6,F_N,2uM_ovalbum,318108,296740,19656,27,0,0,1883,1682,0,0,0,0,2,2,41468,13.04,93.28,1145,294855,1.0036043017505678,0.14249347078891872,411,294121,0.9721865807900318,0.16153053481807797,279,186,238,288846,97.96
hCNTN3_20-993__Block163__Round4__F_P__100nM,hCNTN3_20-993,Block163,Round4,F_P,100nM,313933,290809,22303,31,2,0,1887,1730,0,0,0,0,10,9,62554,19.93,92.63,4011,288912,3.384318296398844,0.4079066607341115,1705,286606,3.3023664325257154,0.443787696211671,855,860,388,235103,81.38
hCNTN3_20-993__Block163__Round5__F_P__20nM,hCNTN3_20-993,Block163,Round5,F_P,20nM,165776,154279,11011,10,0,0,876,779,1,1,0,0,2,2,26311,15.87,93.06,1671,153400,2.2140619515129734,0.2983437524546093,652,152381,2.142352497505331,0.3306076797824311,387,539,353,144552,94.23
hCNTN3_20-993__Block163__Round7__F_N__2uM_ovalbumi,hCNTN3_20-993,Block163,Round7,F_N,2uM_ovalbumi,273238,251610,20783,23,0,0,1516,1297,0,0,0,0,4,4,36144,13.23,92.08,1631,250090,1.7855776370097214,0.24139381425159895,672,249131,1.7407628467912009,0.26738767584011375,492,370,260,241794,96.68
hCNTN3_20-993__Block163__Round7__F_P__4nM,hCNTN3_20-993,Block163,Round7,F_P,4nM,350989,323476,26679,32,0,0,1955,1708,0,0,0,0,3,3,49031,13.97,92.16,2479,321518,2.1687476106996884,0.27748921236674584,1011,320050,2.115954767708805,0.30583147554928364,712,655,410,308625,95.99
hCNTN4_19-991__Block162__Round3__M_P__100nM,hCNTN4_19-991,Block162,Round3,M_P,100nM,136623,127146,9123,10,0,0,726,688,0,0,0,0,2,2,105327,77.09,93.06,37937,126418,9.883994418872588,0.9374328874153727,17685,106166,9.353954868952165,0.9563909361168859,3692,4594,140,2059,1.63
hCNTN4_19-991__Block162__Round4__F_P__20nM,hCNTN4_19-991,Block162,Round4,F_P,20nM,353451,329394,23083,24,2,0,1847,1728,0,0,0,0,9,8,92366,26.13,93.19,5687,327538,4.442769323734042,0.5138562464870235,2057,323908,4.3390941072248035,0.5687628647181341,1015,773,212,201202,61.43
hCNTN4_19-991__Block162__Round6__F_P__4nM_,hCNTN4_19-991,Block162,Round6,F_P,4nM_,240541,223700,16235,32,3,0,1409,1275,0,0,0,0,2,2,48076,19.99,93.0,3412,222289,3.2688022819857134,0.40181691709816936,1195,220072,3.1676804391309012,0.44703986571939985,622,583,333,200128,90.03
hCNTN5_96-479__Block162__Round3__M_P__100nM,hCNTN5_96-479,Block162,Round3,M_P,100nM,238516,223483,14185,24,1,0,1324,1261,0,0,0,0,2,2,174697,73.24,93.7,44129,222157,9.770965269970194,0.9136121373347298,21270,199298,9.371030250697498,0.9403894125832168,5653,5094,475,5321,2.4
hCNTN5_96-479__Block162__Round4__F_P__100nM,hCNTN5_96-479,Block162,Round4,F_P,100nM,214690,198405,15803,22,0,0,1248,1197,0,0,0,0,1,1,93029,43.33,92.41,7775,197156,6.5577193751398575,0.7319970821134667,3667,193048,6.416772553467924,0.7818534864092878,1266,848,250,45688,23.17
hCNTN5_96-479__Block162__Round5__F_P__20nM,hCNTN5_96-479,Block162,Round5,F_P,20nM,226482,209333,16471,13,0,0,1399,1300,0,0,0,0,5,5,66042,29.16,92.43,4622,207929,4.898347336092687,0.5804703772549449,2065,205372,4.794504159565403,0.6281378328256747,812,456,383,129603,62.33
hCNTN5_96-479__Block162__Round6__F_P__4nM,hCNTN5_96-479,Block162,Round6,F_P,4nM,97794,90492,6998,8,1,0,622,576,0,0,0,0,2,2,21092,21.57,92.53,1628,89868,2.964401233139091,0.40085978661893196,544,88784,2.849197656916666,0.4523290385835089,334,185,181,77109,85.8
hCNTN6_591-901__Block162__Round3__M_P__100nM,hCNTN6_591-901,Block162,Round3,M_P,100nM,279755,262033,16971,31,0,0,1714,1580,0,0,0,0,4,4,200582,71.7,93.67,49816,260315,9.817945658788114,0.9077165870793216,23942,234441,9.420602998039596,0.9342694717286313,6507,6289,417,9122,3.5
hCNTN6_591-901__Block162__Round4__F_P__20nM,hCNTN6_591-901,Block162,Round4,F_P,20nM,91471,85408,5783,5,1,0,477,450,0,0,0,0,0,0,27424,29.98,93.37,2369,84931,4.03239736219679,0.5189551517694585,925,83487,3.8886901150274995,0.569371530749017,458,240,119,48816,57.48
hCNTN6_591-901__Block162__Round6__F_P__4nM_,hCNTN6_591-901,Block162,Round6,F_P,4nM_,253081,237033,15369,17,0,0,1429,1300,0,0,0,0,4,4,42950,16.97,93.66,2708,235600,2.4441838754440384,0.30923513443936257,958,233850,2.36244997986415,0.3441372709596268,614,356,246,210459,89.33
hFLRT3_29-528__Block163__Round3__M_P__100nM,hFLRT3_29-528,Block163,Round3,M_P,100nM,192387,177899,13582,13,0,0,1156,1075,9,5,0,0,8,8,125474,65.22,92.47,23867,176726,8.602044529200379,0.8533560969540699,12016,164875,8.28247139468443,0.8816772785817913,3054,1801,385,16303,9.23
hFLRT3_29-528__Block163__Round4__F_N__100nM_mFLRT1,hFLRT3_29-528,Block163,Round4,F_N,100nM_mFLRT1,232580,214222,17577,19,0,0,1406,1350,0,0,0,0,7,7,112463,48.35,92.11,9593,212809,6.964840624335982,0.759624926067515,4919,208135,6.823538290606542,0.8026879468344841,1510,1026,403,52033,24.45
hFLRT3_29-528__Block163__Round4__F_P__20nM,hFLRT3_29-528,Block163,Round4,F_P,20nM,216415,198818,16746,17,1,0,1314,1244,0,0,0,0,3,3,111091,51.33,91.87,12151,197501,7.402880526662266,0.7871078443914032,6289,191639,7.226211180881601,0.8261777620571893,1893,1297,502,40873,20.7
hFLRT3_29-528__Block163__Round6__F_P__4nM,hFLRT3_29-528,Block163,Round6,F_P,4nM,224817,207337,16725,19,3,0,1247,1176,0,0,0,0,2,2,81882,36.42,92.22,5630,206088,5.71913193257153,0.6622535342147775,2582,203040,5.606400743143167,0.7136166868196023,1014,609,367,149087,72.34
